{
    "time_steps": [
        1,
        2,
        3,
        4,
        5,
        6,
        7,
        8,
        9,
        10,
        11,
        12,
        13,
        14,
        15
    ],
    "mean_mse": [
        0.0,
        8.468842294107048e-10,
        1.517574288456558e-09,
        1.9097805559198378e-09,
        2.223376149856904e-09,
        2.8836641963181364e-09,
        5.0703543585939315e-09,
        8.944842200264702e-09,
        1.871895172200766e-08,
        7.033662541289232e-08,
        3.1141931344791374e-07,
        9.405699756825925e-07,
        2.0312616015871754e-06,
        3.4442987271177117e-06,
        4.706168510892894e-06
    ],
    "std_mse": [
        0.0,
        2.145921634832959e-10,
        2.6233856753599127e-10,
        4.77710759838601e-10,
        5.410464853916608e-10,
        6.511461925207129e-10,
        1.3103588214491424e-09,
        2.4521809027788777e-09,
        4.959856525488249e-09,
        9.375267673306098e-09,
        1.2735017484999389e-08,
        2.2804536925491448e-08,
        6.598322954687319e-08,
        3.762808375995519e-07,
        7.464623195119202e-07
    ]
}